axiom_id,res_prob,complexity,key,pool_id,yield,volatility,comp_id,synergy,toxicity,Apex_Yield
1,0.98,144,1,1,0.12,0.01,1,0.95,0.005,16.628639999999997
1,0.98,144,1,1,0.12,0.01,2,0.7,0.02,4.157159999999999
1,0.98,144,1,2,0.08,0.03,1,0.95,0.005,11.085759999999999
1,0.98,144,1,2,0.08,0.03,2,0.7,0.02,2.7714399999999997
2,0.85,256,1,1,0.12,0.01,1,0.95,0.005,14.422799999999999
2,0.85,256,1,1,0.12,0.01,2,0.7,0.02,3.6056999999999997
2,0.85,256,1,2,0.08,0.03,1,0.95,0.005,9.6152
2,0.85,256,1,2,0.08,0.03,2,0.7,0.02,2.4038
